pH,C,M,Y,K
1,0,69,77,2
1.01,0,68.84,76.97,2
1.02,0,68.68,76.94,2
1.03,0,68.52,76.91,2
1.04,0,68.36,76.88,2
1.05,0,68.2,76.85,2
1.06,0,68.04,76.82,2
1.07,0,67.88,76.79,2
1.08,0,67.72,76.76,2
1.09,0,67.56,76.73,2
1.1,0,67.4,76.7,2
1.11,0,67.24,76.67,2
1.12,0,67.08,76.64,2
1.13,0,66.92,76.61,2
1.14,0,66.76,76.58,2
1.15,0,66.6,76.55,2
1.16,0,66.44,76.52,2
1.17,0,66.28,76.49,2
1.18,0,66.12,76.46,2
1.19,0,65.96,76.43,2
1.2,0,65.8,76.4,2
1.21,0,65.64,76.37,2
1.22,0,65.48,76.34,2
1.23,0,65.32,76.31,2
1.24,0,65.16,76.28,2
1.25,0,65,76.25,2
1.26,0,64.84,76.22,2
1.27,0,64.68,76.19,2
1.28,0,64.52,76.16,2
1.29,0,64.36,76.13,2
1.3,0,64.2,76.1,2
1.31,0,64.04,76.07,2
1.32,0,63.88,76.04,2
1.33,0,63.72,76.01,2
1.34,0,63.56,75.98,2
1.35,0,63.4,75.95,2
1.36,0,63.24,75.92,2
1.37,0,63.08,75.89,2
1.38,0,62.92,75.86,2
1.39,0,62.76,75.83,2
1.4,0,62.6,75.8,2
1.41,0,62.44,75.77,2
1.42,0,62.28,75.74,2
1.43,0,62.12,75.71,2
1.44,0,61.96,75.68,2
1.45,0,61.8,75.65,2
1.46,0,61.64,75.62,2
1.47,0,61.48,75.59,2
1.48,0,61.32,75.56,2
1.49,0,61.16,75.53,2
1.5,0,61,75.5,2
1.51,0,60.84,75.47,2
1.52,0,60.68,75.44,2
1.53,0,60.52,75.41,2
1.54,0,60.36,75.38,2
1.55,0,60.2,75.35,2
1.56,0,60.04,75.32,2
1.57,0,59.88,75.29,2
1.58,0,59.72,75.26,2
1.59,0,59.56,75.23,2
1.6,0,59.4,75.2,2
1.61,0,59.24,75.17,2
1.62,0,59.08,75.14,2
1.63,0,58.92,75.11,2
1.64,0,58.76,75.08,2
1.65,0,58.6,75.05,2
1.66,0,58.44,75.02,2
1.67,0,58.28,74.99,2
1.68,0,58.12,74.96,2
1.69,0,57.96,74.93,2
1.7,0,57.8,74.9,2
1.71,0,57.64,74.87,2
1.72,0,57.48,74.84,2
1.73,0,57.32,74.81,2
1.74,0,57.16,74.78,2
1.75,0,57,74.75,2
1.76,0,56.84,74.72,2
1.77,0,56.68,74.69,2
1.78,0,56.52,74.66,2
1.79,0,56.36,74.63,2
1.8,0,56.2,74.6,2
1.81,0,56.04,74.57,2
1.82,0,55.88,74.54,2
1.83,0,55.72,74.51,2
1.84,0,55.56,74.48,2
1.85,0,55.4,74.45,2
1.86,0,55.24,74.42,2
1.87,0,55.08,74.39,2
1.88,0,54.92,74.36,2
1.89,0,54.76,74.33,2
1.9,0,54.6,74.3,2
1.91,0,54.44,74.27,2
1.92,0,54.28,74.24,2
1.93,0,54.12,74.21,2
1.94,0,53.96,74.18,2
1.95,0,53.8,74.15,2
1.96,0,53.64,74.12,2
1.97,0,53.48,74.09,2
1.98,0,53.32,74.06,2
1.99,0,53.16,74.03,2
2,0,53,74,2
2.01,0,52.8986,73.9544,1.9918
2.02,0,52.7972,73.9088,1.9836
2.03,0,52.6958,73.8632,1.9754
2.04,0,52.5944,73.8176,1.9672
2.05,0,52.493,73.772,1.959
2.06,0,52.3916,73.7264,1.9508
2.07,0,52.2902,73.6808,1.9426
2.08,0,52.1888,73.6352,1.9344
2.09,0,52.0874,73.5896,1.9262
2.1,0,51.986,73.544,1.918
2.11,0,51.8846,73.4984,1.9098
2.12,0,51.7832,73.4528,1.9016
2.13,0,51.6818,73.4072,1.8934
2.14,0,51.5804,73.3616,1.8852
2.15,0,51.479,73.316,1.877
2.16,0,51.3776,73.2704,1.8688
2.17,0,51.2762,73.2248,1.8606
2.18,0,51.1748,73.1792,1.8524
2.19,0,51.0734,73.1336,1.8442
2.2,0,50.972,73.088,1.836
2.21,0,50.8706,73.0424,1.8278
2.22,0,50.7692,72.9968,1.8196
2.23,0,50.6678,72.9512,1.8114
2.24,0,50.5664,72.9056,1.8032
2.25,0,50.465,72.86,1.795
2.26,0,50.3636,72.8144,1.7868
2.27,0,50.2622,72.7688,1.7786
2.28,0,50.1608,72.7232,1.7704
2.29,0,50.0594,72.6776,1.7622
2.3,0,49.958,72.632,1.754
2.31,0,49.8566,72.5864,1.7458
2.32,0,49.7552,72.5408,1.7376
2.33,0,49.6538,72.4952,1.7294
2.34,0,49.5524,72.4496,1.7212
2.35,0,49.451,72.404,1.713
2.36,0,49.3496,72.3584,1.7048
2.37,0,49.2482,72.3128,1.6966
2.38,0,49.1468,72.2672,1.6884
2.39,0,49.0454,72.2216,1.6802
2.4,0,48.944,72.176,1.672
2.41,0,48.8426,72.1304,1.6638
2.42,0,48.7412,72.0848,1.6556
2.43,0,48.6398,72.0392,1.6474
2.44,0,48.5384,71.9936,1.6392
2.45,0,48.437,71.948,1.631
2.46,0,48.3356,71.9024,1.6228
2.47,0,48.2342,71.8568,1.6146
2.48,0,48.1328,71.8112,1.6064
2.49,0,48.0314,71.7656,1.5982
2.5,0,47.93,71.72,1.59
2.51,0,47.8286,71.6744,1.5818
2.52,0,47.7272,71.6288,1.5736
2.53,0,47.6258,71.5832,1.5654
2.54,0,47.5244,71.5376,1.5572
2.55,0,47.423,71.492,1.549
2.56,0,47.3216,71.4464,1.5408
2.57,0,47.2202,71.4008,1.5326
2.58,0,47.1188,71.3552,1.5244
2.59,0,47.0174,71.3096,1.5162
2.6,0,46.916,71.264,1.508
2.61,0,46.8146,71.2184,1.4998
2.62,0,46.7132,71.1728,1.4916
2.63,0,46.6118,71.1272,1.4834
2.64,0,46.5104,71.0816,1.4752
2.65,0,46.409,71.036,1.467
2.66,0,46.3076,70.9904,1.4588
2.67,0,46.2062,70.9448,1.4506
2.68,0,46.1048,70.8992,1.4424
2.69,0,46.0034,70.8536,1.4342
2.7,0,45.902,70.808,1.426
2.71,0,45.8006,70.7624,1.4178
2.72,0,45.6992,70.7168,1.4096
2.73,0,45.5978,70.6712,1.4014
2.74,0,45.4964,70.6256,1.3932
2.75,0,45.395,70.58,1.385
2.76,0,45.2936,70.5344,1.3768
2.77,0,45.1922,70.4888,1.3686
2.78,0,45.0908,70.4432,1.3604
2.79,0,44.9894,70.3976,1.3522
2.8,0,44.888,70.352,1.344
2.81,0,44.7866,70.3064,1.3358
2.82,0,44.6852,70.2608,1.3276
2.83,0,44.5838,70.2152,1.3194
2.84,0,44.4824,70.1696,1.3112
2.85,0,44.381,70.124,1.303
2.86,0,44.2796,70.0784,1.2948
2.87,0,44.1782,70.0328,1.2866
2.88,0,44.0768,69.9872,1.2784
2.89,0,43.9754,69.9416,1.2702
2.9,0,43.874,69.896,1.262
2.91,0,43.7726,69.8504,1.2538
2.92,0,43.6712,69.8048,1.2456
2.93,0,43.5698,69.7592,1.2374
2.94,0,43.4684,69.7136,1.2292
2.95,0,43.367,69.668,1.221
2.96,0,43.2656,69.6224,1.2128
2.97,0,43.1642,69.5768,1.2046
2.98,0,43.0628,69.5312,1.1964
2.99,0,42.9614,69.4856,1.1882
3,0,42.86,69.44,1.18
3.01,0,42.6492,69.5189,1.2858
3.02,0,42.4384,69.5978,1.3916
3.03,0,42.2276,69.6767,1.4974
3.04,0,42.0168,69.7556,1.6032
3.05,0,41.806,69.8345,1.709
3.06,0,41.5952,69.9134,1.8148
3.07,0,41.3844,69.9923,1.9206
3.08,0,41.1736,70.0712,2.0264
3.09,0,40.9628,70.1501,2.1322
3.1,0,40.752,70.229,2.238
3.11,0,40.5412,70.3079,2.3438
3.12,0,40.3304,70.3868,2.4496
3.13,0,40.1196,70.4657,2.5554
3.14,0,39.9088,70.5446,2.6612
3.15,0,39.698,70.6235,2.767
3.16,0,39.4872,70.7024,2.8728
3.17,0,39.2764,70.7813,2.9786
3.18,0,39.0656,70.8602,3.0844
3.19,0,38.8548,70.9391,3.1902
3.2,0,38.644,71.018,3.296
3.21,0,38.4332,71.0969,3.4018
3.22,0,38.2224,71.1758,3.5076
3.23,0,38.0116,71.2547,3.6134
3.24,0,37.8008,71.3336,3.7192
3.25,0,37.59,71.4125,3.825
3.26,0,37.3792,71.4914,3.9308
3.27,0,37.1684,71.5703,4.0366
3.28,0,36.9576,71.6492,4.1424
3.29,0,36.7468,71.7281,4.2482
3.3,0,36.536,71.807,4.354
3.31,0,36.3252,71.8859,4.4598
3.32,0,36.1144,71.9648,4.5656
3.33,0,35.9036,72.0437,4.6714
3.34,0,35.6928,72.1226,4.7772
3.35,0,35.482,72.2015,4.883
3.36,0,35.2712,72.2804,4.9888
3.37,0,35.0604,72.3593,5.0946
3.38,0,34.8496,72.4382,5.2004
3.39,0,34.6388,72.5171,5.3062
3.4,0,34.428,72.596,5.412
3.41,0,34.2172,72.6749,5.5178
3.42,0,34.0064,72.7538,5.6236
3.43,0,33.7956,72.8327,5.7294
3.44,0,33.5848,72.9116,5.8352
3.45,0,33.374,72.9905,5.941
3.46,0,33.1632,73.0694,6.0468
3.47,0,32.9524,73.1483,6.1526
3.48,0,32.7416,73.2272,6.2584
3.49,0,32.5308,73.3061,6.3642
3.5,0,32.32,73.385,6.47
3.51,0,32.1092,73.4639,6.5758
3.52,0,31.8984,73.5428,6.6816
3.53,0,31.6876,73.6217,6.7874
3.54,0,31.4768,73.7006,6.8932
3.55,0,31.266,73.7795,6.999
3.56,0,31.0552,73.8584,7.1048
3.57,0,30.8444,73.9373,7.2106
3.58,0,30.6336,74.0162,7.3164
3.59,0,30.4228,74.0951,7.4222
3.6,0,30.212,74.174,7.528
3.61,0,30.0012,74.2529,7.6338
3.62,0,29.7904,74.3318,7.7396
3.63,0,29.5796,74.4107,7.8454
3.64,0,29.3688,74.4896,7.9512
3.65,0,29.158,74.5685,8.057
3.66,0,28.9472,74.6474,8.1628
3.67,0,28.7364,74.7263,8.2686
3.68,0,28.5256,74.8052,8.3744
3.69,0,28.3148,74.8841,8.4802
3.7,0,28.104,74.963,8.586
3.71,0,27.8932,75.0419,8.6918
3.72,0,27.6824,75.1208,8.7976
3.73,0,27.4716,75.1997,8.9034
3.74,0,27.2608,75.2786,9.0092
3.75,0,27.05,75.3575,9.115
3.76,0,26.8392,75.4364,9.2208
3.77,0,26.6284,75.5153,9.3266
3.78,0,26.4176,75.5942,9.4324
3.79,0,26.2068,75.6731,9.5382
3.8,0,25.996,75.752,9.644
3.81,0,25.7852,75.8309,9.7498
3.82,0,25.5744,75.9098,9.8556
3.83,0,25.3636,75.9887,9.9614
3.84,0,25.1528,76.0676,10.0672
3.85,0,24.942,76.1465,10.173
3.86,0,24.7312,76.2254,10.2788
3.87,0,24.5204,76.3043,10.3846
3.88,0,24.3096,76.3832,10.4904
3.89,0,24.0988,76.4621,10.5962
3.9,0,23.888,76.541,10.702
3.91,0,23.6772,76.6199,10.8078
3.92,0,23.4664,76.6988,10.9136
3.93,0,23.2556,76.7777,11.0194
3.94,0,23.0448,76.8566,11.1252
3.95,0,22.834,76.9355,11.231
3.96,0,22.6232,77.0144,11.3368
3.97,0,22.4124,77.0933,11.4426
3.98,0,22.2016,77.1722,11.5484
3.99,0,21.9908,77.2511,11.6542
4,0,21.78,77.33,11.76
4.01,0,21.5424,77.2893,11.9091
4.02,0,21.3048,77.2486,12.0582
4.03,0,21.0672,77.2079,12.2073
4.04,0,20.8296,77.1672,12.3564
4.05,0,20.592,77.1265,12.5055
4.06,0,20.3544,77.0858,12.6546
4.07,0,20.1168,77.0451,12.8037
4.08,0,19.8792,77.0044,12.9528
4.09,0,19.6416,76.9637,13.1019
4.1,0,19.404,76.923,13.251
4.11,0,19.1664,76.8823,13.4001
4.12,0,18.9288,76.8416,13.5492
4.13,0,18.6912,76.8009,13.6983
4.14,0,18.4536,76.7602,13.8474
4.15,0,18.216,76.7195,13.9965
4.16,0,17.9784,76.6788,14.1456
4.17,0,17.7408,76.6381,14.2947
4.18,0,17.5032,76.5974,14.4438
4.19,0,17.2656,76.5567,14.5929
4.2,0,17.028,76.516,14.742
4.21,0,16.7904,76.4753,14.8911
4.22,0,16.5528,76.4346,15.0402
4.23,0,16.3152,76.3939,15.1893
4.24,0,16.0776,76.3532,15.3384
4.25,0,15.84,76.3125,15.4875
4.26,0,15.6024,76.2718,15.6366
4.27,0,15.3648,76.2311,15.7857
4.28,0,15.1272,76.1904,15.9348
4.29,0,14.8896,76.1497,16.0839
4.3,0,14.652,76.109,16.233
4.31,0,14.4144,76.0683,16.3821
4.32,0,14.1768,76.0276,16.5312
4.33,0,13.9392,75.9869,16.6803
4.34,0,13.7016,75.9462,16.8294
4.35,0,13.464,75.9055,16.9785
4.36,0,13.2264,75.8648,17.1276
4.37,0,12.9888,75.8241,17.2767
4.38,0,12.7512,75.7834,17.4258
4.39,0,12.5136,75.7427,17.5749
4.4,0,12.276,75.702,17.724
4.41,0,12.0384,75.6613,17.8731
4.42,0,11.8008,75.6206,18.0222
4.43,0,11.5632,75.5799,18.1713
4.44,0,11.3256,75.5392,18.3204
4.45,0,11.088,75.4985,18.4695
4.46,0,10.8504,75.4578,18.6186
4.47,0,10.6128,75.4171,18.7677
4.48,0,10.3752,75.3764,18.9168
4.49,0,10.1376,75.3357,19.0659
4.5,0,9.9,75.295,19.215
4.51,0,9.632,75.2543,19.3641
4.52,0,9.364,75.2136,19.5132
4.53,0,9.096,75.1729,19.6623
4.54,0,8.828,75.1322,19.8114
4.55,0,8.56,75.0915,19.9605
4.56,0,8.292,75.0508,20.1096
4.57,0,8.024,75.0101,20.2587
4.58,0,7.756,74.9694,20.4078
4.59,0,7.488,74.9287,20.5569
4.6,0,7.22,74.888,20.706
4.61,0,6.952,74.8473,20.8551
4.62,0,6.684,74.8066,21.0042
4.63,0,6.416,74.7659,21.1533
4.64,0,6.148,74.7252,21.3024
4.65,0,5.88,74.6845,21.4515
4.66,0,5.612,74.6438,21.6006
4.67,0,5.344,74.6031,21.7497
4.68,0,5.076,74.5624,21.8988
4.69,0,4.808,74.5217,22.0479
4.7,0,4.54,74.481,22.197
4.71,0,4.272,74.4403,22.3461
4.72,0,4.004,74.3996,22.4952
4.73,0,3.736,74.3589,22.6443
4.74,0,3.468,74.31820001,22.7934
4.75,0,3.2,74.27750001,22.9425
4.76,0,2.855343271,74.23680001,23.0916
4.77,0,2.567880446,74.19610001,23.2407
4.78,0,2.278961806,74.15540001,23.3898
4.79,0,1.988576264,74.11470001,23.5389
4.8,0,1.696712619,74.07400001,23.688
4.81,0,1.403359558,74.03330001,23.8371
4.82,0,1.108505649,73.99260001,23.9862
4.83,0,0.812139346,73.95190001,24.1353
4.84,0,0.514248982,73.91120001,24.2844
4.85,0,0.214822771,73.87050001,24.4335
4.86,0.086077039,0,73.82980001,24.5826
4.87,0.387180039,0,73.78910001,24.7317
4.88,0.688024081,0,73.74840001,24.8808
4.89,0.988609499,0,73.70770001,25.0299
4.9,1.288936627,0,73.66700001,25.179
4.91,1.589005798,0,73.62630001,25.3281
4.92,1.888817343,0,73.58560001,25.4772
4.93,2.188371594,0,73.54490001,25.6263
4.94,2.487668883,0,73.50420001,25.7754
4.95,2.786709539,0,73.46350001,25.9245
4.96,3.085493893,0,73.42280001,26.0736
4.97,3.384022275,0,73.38210001,26.2227
4.98,3.682295012,0,73.34140001,26.3718
4.99,3.980312433,0,73.30070001,26.5209
5,4.278074866,0,73.26,26.67
5.01,4.3287,0,73.1372,26.7602
5.02,4.3774,0,73.0144,26.8504
5.03,4.4261,0,72.8916,26.9406
5.04,4.4748,0,72.7688,27.0308
5.05,4.5235,0,72.646,27.121
5.06,4.5722,0,72.5232,27.2112
5.07,4.6209,0,72.4004,27.3014
5.08,4.6696,0,72.2776,27.3916
5.09,4.7183,0,72.1548,27.4818
5.1,4.767,0,72.032,27.572
5.11,4.8157,0,71.9092,27.6622
5.12,4.8644,0,71.7864,27.7524
5.13,4.9131,0,71.6636,27.8426
5.14,4.9618,0,71.5408,27.9328
5.15,5.0105,0,71.418,28.023
5.16,5.0592,0,71.2952,28.1132
5.17,5.1079,0,71.1724,28.2034
5.18,5.1566,0,71.0496,28.2936
5.19,5.2053,0,70.9268,28.3838
5.2,5.254,0,70.804,28.474
5.21,5.3027,0,70.6812,28.5642
5.22,5.3514,0,70.5584,28.6544
5.23,5.4001,0,70.4356,28.7446
5.24,5.4488,0,70.3128,28.8348
5.25,5.4975,0,70.19,28.925
5.26,5.5462,0,70.0672,29.0152
5.27,5.5949,0,69.9444,29.1054
5.28,5.6436,0,69.8216,29.1956
5.29,5.6923,0,69.6988,29.2858
5.3,5.741,0,69.576,29.376
5.31,5.7897,0,69.4532,29.4662
5.32,5.8384,0,69.3304,29.5564
5.33,5.8871,0,69.2076,29.6466
5.34,5.9358,0,69.0848,29.7368
5.35,5.9845,0,68.962,29.827
5.36,6.0332,0,68.8392,29.9172
5.37,6.0819,0,68.7164,30.0074
5.38,6.1306,0,68.5936,30.0976
5.39,6.1793,0,68.4708,30.1878
5.4,6.228,0,68.348,30.278
5.41,6.2767,0,68.2252,30.3682
5.42,6.3254,0,68.1024,30.4584
5.43,6.3741,0,67.9796,30.5486
5.44,6.4228,0,67.8568,30.6388
5.45,6.4715,0,67.734,30.729
5.46,6.5202,0,67.6112,30.8192
5.47,6.5689,0,67.4884,30.9094
5.48,6.6176,0,67.3656,30.9996
5.49,6.6663,0,67.2428,31.0898
5.5,6.715,0,67.12,31.18
5.51,6.7637,0,66.9972,31.2702
5.52,6.8124,0,66.8744,31.3604
5.53,6.8611,0,66.7516,31.4506
5.54,6.9098,0,66.6288,31.5408
5.55,6.9585,0,66.506,31.631
5.56,7.0072,0,66.3832,31.7212
5.57,7.0559,0,66.2604,31.8114
5.58,7.1046,0,66.1376,31.9016
5.59,7.1533,0,66.0148,31.9918
5.6,7.202,0,65.892,32.082
5.61,7.2507,0,65.7692,32.1722
5.62,7.2994,0,65.6464,32.2624
5.63,7.3481,0,65.5236,32.3526
5.64,7.3968,0,65.4008,32.4428
5.65,7.4455,0,65.278,32.533
5.66,7.4942,0,65.1552,32.6232
5.67,7.5429,0,65.0324,32.7134
5.68,7.5916,0,64.9096,32.8036
5.69,7.6403,0,64.7868,32.8938
5.7,7.689,0,64.664,32.984
5.71,7.7377,0,64.5412,33.0742
5.72,7.7864,0,64.4184,33.1644
5.73,7.8351,0,64.2956,33.2546
5.74,7.8838,0,64.1728,33.3448
5.75,7.9325,0,64.05,33.435
5.76,7.9812,0,63.9272,33.5252
5.77,8.0299,0,63.8044,33.6154
5.78,8.0786,0,63.6816,33.7056
5.79,8.1273,0,63.5588,33.7958
5.8,8.176,0,63.436,33.886
5.81,8.2247,0,63.3132,33.9762
5.82,8.2734,0,63.1904,34.0664
5.83,8.3221,0,63.0676,34.1566
5.84,8.3708,0,62.9448,34.2468
5.85,8.4195,0,62.822,34.337
5.86,8.4682,0,62.6992,34.4272
5.87,8.5169,0,62.5764,34.5174
5.88,8.5656,0,62.4536,34.6076
5.89,8.6143,0,62.3308,34.6978
5.9,8.663,0,62.208,34.788
5.91,8.7117,0,62.0852,34.8782
5.92,8.7604,0,61.9624,34.9684
5.93,8.8091,0,61.8396,35.0586
5.94,8.8578,0,61.7168,35.1488
5.95,8.9065,0,61.594,35.239
5.96,8.9552,0,61.4712,35.3292
5.97,9.0039,0,61.3484,35.4194
5.98,9.0526,0,61.2256,35.5096
5.99,9.1013,0,61.1028,35.5998
6,9.15,0,60.98,35.69
6.01,9.257,0,60.9275,35.8194
6.02,9.364,0,60.875,35.9488
6.03,9.471,0,60.8225,36.0782
6.04,9.578,0,60.77,36.2076
6.05,9.685,0,60.7175,36.337
6.06,9.792,0,60.665,36.4664
6.07,9.899,0,60.6125,36.5958
6.08,10.006,0,60.56,36.7252
6.09,10.113,0,60.5075,36.8546
6.1,10.22,0,60.455,36.984
6.11,10.327,0,60.4025,37.1134
6.12,10.434,0,60.35,37.2428
6.13,10.541,0,60.2975,37.3722
6.14,10.648,0,60.245,37.5016
6.15,10.755,0,60.1925,37.631
6.16,10.862,0,60.14,37.7604
6.17,10.969,0,60.0875,37.8898
6.18,11.076,0,60.035,38.0192
6.19,11.183,0,59.9825,38.1486
6.2,11.29,0,59.93,38.278
6.21,11.397,0,59.8775,38.4074
6.22,11.504,0,59.825,38.5368
6.23,11.611,0,59.7725,38.6662
6.24,11.718,0,59.72,38.7956
6.25,11.825,0,59.6675,38.925
6.26,11.932,0,59.615,39.0544
6.27,12.039,0,59.5625,39.1838
6.28,12.146,0,59.51,39.3132
6.29,12.253,0,59.4575,39.4426
6.3,12.36,0,59.405,39.572
6.31,12.467,0,59.3525,39.7014
6.32,12.574,0,59.3,39.8308
6.33,12.681,0,59.2475,39.9602
6.34,12.788,0,59.195,40.0896
6.35,12.895,0,59.1425,40.219
6.36,13.002,0,59.09,40.3484
6.37,13.109,0,59.0375,40.4778
6.38,13.216,0,58.985,40.6072
6.39,13.323,0,58.9325,40.7366
6.4,13.43,0,58.88,40.866
6.41,13.537,0,58.8275,40.9954
6.42,13.644,0,58.775,41.1248
6.43,13.751,0,58.7225,41.2542
6.44,13.858,0,58.67,41.3836
6.45,13.965,0,58.6175,41.513
6.46,14.072,0,58.565,41.6424
6.47,14.179,0,58.5125,41.7718
6.48,14.286,0,58.46,41.9012
6.49,14.393,0,58.4075,42.0306
6.5,14.5,0,58.355,42.16
6.51,14.607,0,58.3025,42.2894
6.52,14.714,0,58.25,42.4188
6.53,14.821,0,58.1975,42.5482
6.54,14.928,0,58.145,42.6776
6.55,15.035,0,58.0925,42.807
6.56,15.142,0,58.04,42.9364
6.57,15.249,0,57.9875,43.0658
6.58,15.356,0,57.935,43.1952
6.59,15.463,0,57.8825,43.3246
6.6,15.57,0,57.83,43.454
6.61,15.677,0,57.7775,43.5834
6.62,15.784,0,57.725,43.7128
6.63,15.891,0,57.6725,43.8422
6.64,15.998,0,57.62,43.9716
6.65,16.105,0,57.5675,44.101
6.66,16.212,0,57.515,44.2304
6.67,16.319,0,57.4625,44.3598
6.68,16.426,0,57.41,44.4892
6.69,16.533,0,57.3575,44.6186
6.7,16.64,0,57.305,44.748
6.71,16.747,0,57.2525,44.8774
6.72,16.854,0,57.2,45.0068
6.73,16.961,0,57.1475,45.1362
6.74,17.068,0,57.095,45.2656
6.75,17.175,0,57.0425,45.395
6.76,17.282,0,56.99,45.5244
6.77,17.389,0,56.9375,45.6538
6.78,17.496,0,56.885,45.7832
6.79,17.603,0,56.8325,45.9126
6.8,17.71,0,56.78,46.042
6.81,17.817,0,56.7275,46.1714
6.82,17.924,0,56.675,46.3008
6.83,18.031,0,56.6225,46.4302
6.84,18.138,0,56.57,46.5596
6.85,18.245,0,56.5175,46.689
6.86,18.352,0,56.465,46.8184
6.87,18.459,0,56.4125,46.9478
6.88,18.566,0,56.36,47.0772
6.89,18.673,0,56.3075,47.2066
6.9,18.78,0,56.255,47.336
6.91,18.887,0,56.2025,47.4654
6.92,18.994,0,56.15,47.5948
6.93,19.101,0,56.0975,47.7242
6.94,19.208,0,56.045,47.8536
6.95,19.315,0,55.9925,47.983
6.96,19.422,0,55.94,48.1124
6.97,19.529,0,55.8875,48.2418
6.98,19.636,0,55.835,48.3712
6.99,19.743,0,55.7825,48.5006
7,19.85,0,55.73,48.63
7.01,19.9478,0,55.4227,48.7202
7.02,20.0456,0,55.1154,48.8104
7.03,20.1434,0,54.8081,48.9006
7.04,20.2412,0,54.5008,48.9908
7.05,20.339,0,54.1935,49.081
7.06,20.4368,0,53.8862,49.1712
7.07,20.5346,0,53.5789,49.26139999
7.08,20.6324,0,53.2716,49.35159999
7.09,20.7302,0,52.9643,49.44179999
7.1,20.828,0,52.657,49.53199999
7.11,20.9258,0,52.3497,49.62219999
7.12,21.0236,0,52.0424,49.71239999
7.13,21.1214,0,51.7351,49.80259999
7.14,21.2192,0,51.4278,49.89279999
7.15,21.317,0,51.1205,49.98299999
7.16,21.4148,0,50.8132,50.07319999
7.17,21.5126,0,50.5059,50.16339998
7.18,21.6104,0,50.1986,50.25359998
7.19,21.7082,0,49.8913,50.34379998
7.2,21.806,0,49.584,50.43399998
7.21,21.9038,0,49.2767,50.52419998
7.22,22.0016,0,48.9694,50.61439998
7.23,22.0994,0,48.6621,50.70459998
7.24,22.1972,0,48.3548,50.79479998
7.25,22.295,0,48.0475,50.88499998
7.26,22.3928,0,47.7402,50.97519998
7.27,22.4906,0,47.4329,51.06539997
7.28,22.5884,0,47.1256,51.15559997
7.29,22.6862,0,46.8183,51.24579997
7.3,22.784,0,46.511,51.33599997
7.31,22.8818,0,46.2037,51.42619997
7.32,22.9796,0,45.8964,51.51639997
7.33,23.0774,0,45.5891,51.60659997
7.34,23.1752,0,45.2818,51.69679997
7.35,23.273,0,44.9745,51.78699997
7.36,23.3708,0,44.6672,51.87719997
7.37,23.4686,0,44.3599,51.96739996
7.38,23.5664,0,44.0526,52.05759996
7.39,23.6642,0,43.7453,52.14779996
7.4,23.762,0,43.438,52.23799996
7.41,23.8598,0,43.1307,52.32819996
7.42,23.9576,0,42.8234,52.41839996
7.43,24.0554,0,42.5161,52.50859996
7.44,24.1532,0,42.2088,52.59879996
7.45,24.251,0,41.9015,52.68899996
7.46,24.3488,0,41.5942,52.77919996
7.47,24.4466,0,41.2869,52.86939995
7.48,24.5444,0,40.9796,52.95959995
7.49,24.6422,0,40.6723,53.04979995
7.5,24.74,0,40.365,53.13999995
7.51,24.8378,0,40.0577,53.23019995
7.52,24.9356,0,39.7504,53.32039995
7.53,25.0334,0,39.4431,53.41059995
7.54,25.1312,0,39.1358,53.50079995
7.55,25.229,0,38.8285,53.59099995
7.56,25.3268,0,38.5212,53.68119995
7.57,25.4246,0,38.2139,53.77139995
7.58,25.5224,0,37.9066,53.86159994
7.59,25.6202,0,37.5993,53.95179994
7.6,25.718,0,37.292,54.04199994
7.61,25.8158,0,36.9847,54.13219994
7.62,25.9136,0,36.6774,54.22239994
7.63,26.0114,0,36.3701,54.31259994
7.64,26.1092,0,36.0628,54.40279994
7.65,26.207,0,35.7555,54.49299994
7.66,26.3048,0,35.4482,54.58319994
7.67,26.4026,0,35.1409,54.67339994
7.68,26.5004,0,34.8336,54.76359993
7.69,26.5982,0,34.5263,54.85379993
7.7,26.696,0,34.219,54.94399993
7.71,26.7938,0,33.9117,55.03419993
7.72,26.8916,0,33.6044,55.12439993
7.73,26.9894,0,33.2971,55.21459993
7.74,27.0872,0,32.9898,55.30479993
7.75,27.185,0,32.6825,55.39499993
7.76,27.2828,0,32.3752,55.48519993
7.77,27.3806,0,32.0679,55.57539993
7.78,27.4784,0,31.7606,55.66559992
7.79,27.5762,0,31.4533,55.75579992
7.8,27.674,0,31.146,55.84599992
7.81,27.7718,0,30.8387,55.93619992
7.82,27.8696,0,30.5314,56.02639992
7.83,27.9674,0,30.2241,56.11659992
7.84,28.0652,0,29.9168,56.20679992
7.85,28.163,0,29.6095,56.29699992
7.86,28.2608,0,29.3022,56.38719992
7.87,28.3586,0,28.9949,56.47739992
7.88,28.4564,0,28.6876,56.56759991
7.89,28.5542,0,28.3803,56.65779991
7.9,28.652,0,28.073,56.74799991
7.91,28.7498,0,27.7657,56.83819991
7.92,28.8476,0,27.4584,56.92839991
7.93,28.9454,0,27.1511,57.01859991
7.94,29.0432,0,26.8438,57.10879991
7.95,29.141,0,26.5365,57.19899991
7.96,29.2388,0,26.2292,57.28919991
7.97,29.3366,0,25.9219,57.37939991
7.98,29.4344,0,25.6146,57.4695999
7.99,29.5322,0,25.3073,57.5597999
8,29.63,0,25,57.65
8.01,29.49967511,0,24.66351063,57.75294118
8.02,29.36906756,0,24.32533036,57.85882353
8.03,29.23780203,0,23.9854464,57.96470588
8.04,29.10587355,0,23.64384587,58.07058824
8.05,28.97327707,0,23.30051571,58.17647059
8.06,28.84000752,0,22.95544275,58.28235294
8.07,28.70605975,0,22.6086137,58.38823529
8.08,28.57142857,0,22.26001512,58.49411765
8.09,28.43610874,0,21.90963342,58.6
8.1,28.30009497,0,21.55745489,58.70588235
8.11,28.16338189,0,21.20346568,58.81176471
8.12,28.02596411,0,20.84765178,58.91764706
8.13,27.88783616,0,20.48999904,59.02352941
8.14,27.74899252,0,20.13049319,59.12941176
8.15,27.60942761,0,19.76911977,59.23529412
8.16,27.4691358,0,19.4058642,59.34117647
8.17,27.3281114,0,19.04071173,59.44705882
8.18,27.18634865,0,18.67364747,59.55294118
8.19,27.04384174,0,18.30465636,59.65882353
8.2,26.9005848,0,17.9337232,59.76470588
8.21,26.75657188,0,17.5608326,59.87058824
8.22,26.61179698,0,17.18596904,59.97647059
8.23,26.46625405,0,16.80911681,60.08235294
8.24,26.31993696,0,16.43026005,60.18823529
8.25,26.17283951,0,16.04938272,60.29411765
8.26,26.02495544,0,15.66646861,60.4
8.27,25.87627842,0,15.28150134,60.50588235
8.28,25.72680207,0,14.89446436,60.61176471
8.29,25.57651992,0,14.50534092,60.71764706
8.3,25.42542543,0,14.11411411,60.82352941
8.31,25.27351199,0,13.72076684,60.92941176
8.32,25.12077295,0,13.3252818,61.03529412
8.33,24.96720153,0,12.92764154,61.14117647
8.34,24.81279093,0,12.52782837,61.24705882
8.35,24.65753425,0,12.12582445,61.35294118
8.36,24.5014245,0,11.72161172,61.45882353
8.37,24.34445465,0,11.31517192,61.56470588
8.38,24.18661756,0,10.9064866,61.67058824
8.39,24.02790602,0,10.49553709,61.77647059
8.4,23.86831276,0,10.08230453,61.88235294
8.41,23.70783039,0,9.666769834,61.98823529
8.42,23.54645148,0,9.248913718,62.09411765
8.43,23.38416848,0,8.828716672,62.2
8.44,23.22097378,0,8.406158968,62.30588235
8.45,23.05685968,0,7.981220657,62.41176471
8.46,22.89181837,0,7.553881565,62.51764706
8.47,22.72584199,0,7.124121288,62.62352941
8.48,22.55892256,0,6.691919192,62.72941176
8.49,22.39105202,0,6.257254405,62.83529412
8.5,22.22222222,0,5.82010582,62.94117647
8.51,22.05242492,0,5.380452085,63.04705882
8.52,21.88165177,0,4.938271605,63.15294118
8.53,21.70989433,0,4.493542534,63.25882353
8.54,21.53714408,0,4.046242775,63.36470588
8.55,21.36339238,0,3.596349973,63.47058824
8.56,21.18863049,0,3.143841516,63.57647059
8.57,21.01284958,0,2.688694525,63.68235294
8.58,20.83604072,0,2.230885857,63.78823529
8.59,20.65819485,0,1.770392093,63.89411765
8.6,20.47930283,0,1.307189542,64
8.61,20.2993554,0,0.841254234,64.10588235
8.62,20.1183432,0,0.372561911,64.21176471
8.63,20.0153711,0.098814229,0,64.28235294
8.64,20.21043402,0.569925471,0,64.21960784
8.65,20.404814,1.039387309,0,64.15686275
8.66,20.59851464,1.507208388,0,64.09411765
8.67,20.79153947,1.973397296,0,64.03137255
8.68,20.98389203,2.43796256,0,63.96862745
8.69,21.17557584,2.900912647,0,63.90588235
8.7,21.36659436,3.362255965,0,63.84313725
8.71,21.55695106,3.822000866,0,63.78039216
8.72,21.74664937,4.280155642,0,63.71764706
8.73,21.93569271,4.736728528,0,63.65490196
8.74,22.12408445,5.191727704,0,63.59215686
8.75,22.31182796,5.64516129,0,63.52941176
8.76,22.49892658,6.097037355,0,63.46666667
8.77,22.68538363,6.547363909,0,63.40392157
8.78,22.8712024,6.996148909,0,63.34117647
8.79,23.05638616,7.443400256,0,63.27843137
8.8,23.24093817,7.8891258,0,63.21568627
8.81,23.42486164,8.333333333,0,63.15294118
8.82,23.6081598,8.776030599,0,63.09019608
8.83,23.79083581,9.217225286,0,63.02745098
8.84,23.97289284,9.656925032,0,62.96470588
8.85,24.15433404,10.09513742,0,62.90196078
8.86,24.33516252,10.53186999,0,62.83921569
8.87,24.51538137,10.96713021,0,62.77647059
8.88,24.69499369,11.40092554,0,62.71372549
8.89,24.87400252,11.83326333,0,62.65098039
8.9,25.0524109,12.26415094,0,62.58823529
8.91,25.23022185,12.69359565,0,62.5254902
8.92,25.40743836,13.12160468,0,62.4627451
8.93,25.58406341,13.54818523,0,62.4
8.94,25.76009996,13.97334444,0,62.3372549
8.95,25.93555094,14.3970894,0,62.2745098
8.96,26.11041926,14.81942715,0,62.21176471
8.97,26.28470783,15.24036469,0,62.14901961
8.98,26.45841953,15.65990898,0,62.08627451
8.99,26.63155721,16.07806691,0,62.02352941
9,26.8,16.49,0,61.96
9.01,26.6665,16.5604,0,61.8737
9.02,26.533,16.6308,0,61.7874
9.03,26.3995,16.7012,0,61.7011
9.04,26.266,16.7716,0,61.6148
9.05,26.1325,16.842,0,61.5285
9.06,25.999,16.9124,0,61.4422
9.07,25.8655,16.9828,0,61.3559
9.08,25.732,17.0532,0,61.2696
9.09,25.5985,17.1236,0,61.1833
9.1,25.465,17.194,0,61.097
9.11,25.3315,17.2644,0,61.0107
9.12,25.198,17.3348,0,60.9244
9.13,25.0645,17.4052,0,60.8381
9.14,24.931,17.4756,0,60.7518
9.15,24.7975,17.546,0,60.6655
9.16,24.664,17.6164,0,60.5792
9.17,24.5305,17.6868,0,60.4929
9.18,24.397,17.7572,0,60.4066
9.19,24.2635,17.8276,0,60.3203
9.2,24.13,17.898,0,60.234
9.21,23.9965,17.9684,0,60.1477
9.22,23.863,18.0388,0,60.0614
9.23,23.7295,18.1092,0,59.9751
9.24,23.596,18.1796,0,59.8888
9.25,23.4625,18.25,0,59.8025
9.26,23.329,18.3204,0,59.7162
9.27,23.1955,18.3908,0,59.6299
9.28,23.062,18.4612,0,59.5436
9.29,22.9285,18.5316,0,59.4573
9.3,22.795,18.602,0,59.371
9.31,22.6615,18.6724,0,59.2847
9.32,22.528,18.7428,0,59.1984
9.33,22.3945,18.8132,0,59.1121
9.34,22.261,18.8836,0,59.0258
9.35,22.1275,18.954,0,58.9395
9.36,21.994,19.0244,0,58.8532
9.37,21.8605,19.0948,0,58.7669
9.38,21.727,19.1652,0,58.6806
9.39,21.5935,19.2356,0,58.5943
9.4,21.46,19.306,0,58.508
9.41,21.3265,19.3764,0,58.4217
9.42,21.193,19.4468,0,58.3354
9.43,21.0595,19.5172,0,58.2491
9.44,20.926,19.5876,0,58.1628
9.45,20.7925,19.658,0,58.0765
9.46,20.659,19.7284,0,57.9902
9.47,20.5255,19.7988,0,57.9039
9.48,20.392,19.8692,0,57.8176
9.49,20.2585,19.9396,0,57.7313
9.5,20.125,20.01,0,57.645
9.51,19.9915,20.0804,0,57.5587
9.52,19.858,20.1508,0,57.4724
9.53,19.7245,20.2212,0,57.3861
9.54,19.591,20.2916,0,57.2998
9.55,19.4575,20.362,0,57.2135
9.56,19.324,20.4324,0,57.1272
9.57,19.1905,20.5028,0,57.0409
9.58,19.057,20.5732,0,56.9546
9.59,18.9235,20.6436,0,56.8683
9.6,18.79,20.714,0,56.782
9.61,18.6565,20.7844,0,56.6957
9.62,18.523,20.8548,0,56.6094
9.63,18.3895,20.9252,0,56.5231
9.64,18.256,20.9956,0,56.4368
9.65,18.1225,21.066,0,56.3505
9.66,17.989,21.1364,0,56.2642
9.67,17.8555,21.2068,0,56.1779
9.68,17.722,21.2772,0,56.0916
9.69,17.5885,21.3476,0,56.0053
9.7,17.455,21.418,0,55.919
9.71,17.3215,21.4884,0,55.8327
9.72,17.188,21.5588,0,55.7464
9.73,17.0545,21.6292,0,55.6601
9.74,16.921,21.6996,0,55.5738
9.75,16.7875,21.77,0,55.4875
9.76,16.654,21.8404,0,55.4012
9.77,16.5205,21.9108,0,55.3149
9.78,16.387,21.9812,0,55.2286
9.79,16.2535,22.0516,0,55.1423
9.8,16.12,22.122,0,55.056
9.81,15.9865,22.1924,0,54.9697
9.82,15.853,22.2628,0,54.8834
9.83,15.7195,22.3332,0,54.7971
9.84,15.586,22.4036,0,54.7108
9.85,15.4525,22.474,0,54.6245
9.86,15.319,22.5444,0,54.5382
9.87,15.1855,22.6148,0,54.4519
9.88,15.052,22.6852,0,54.3656
9.89,14.9185,22.7556,0,54.2793
9.9,14.785,22.826,0,54.193
9.91,14.6515,22.8964,0,54.1067
9.92,14.518,22.9668,0,54.0204
9.93,14.3845,23.0372,0,53.9341
9.94,14.251,23.1076,0,53.8478
9.95,14.1175,23.178,0,53.7615
9.96,13.984,23.2484,0,53.6752
9.97,13.8505,23.3188,0,53.5889
9.98,13.717,23.3892,0,53.5026
9.99,13.5835,23.4596,0,53.4163
10,13.45,23.53,0,53.33
10.01,13.4515,23.6307,0,53.3065
10.02,13.453,23.7314,0,53.283
10.03,13.4545,23.8321,0,53.2595
10.04,13.456,23.9328,0,53.236
10.05,13.4575,24.0335,0,53.2125
10.06,13.459,24.1342,0,53.189
10.07,13.4605,24.2349,0,53.1655
10.08,13.462,24.3356,0,53.142
10.09,13.4635,24.4363,0,53.1185
10.1,13.465,24.537,0,53.095
10.11,13.4665,24.6377,0,53.0715
10.12,13.468,24.7384,0,53.048
10.13,13.4695,24.8391,0,53.0245
10.14,13.471,24.9398,0,53.001
10.15,13.4725,25.0405,0,52.9775
10.16,13.474,25.1412,0,52.954
10.17,13.4755,25.2419,0,52.9305
10.18,13.477,25.3426,0,52.907
10.19,13.4785,25.4433,0,52.8835
10.2,13.48,25.544,0,52.86
10.21,13.4815,25.6447,0,52.8365
10.22,13.483,25.7454,0,52.813
10.23,13.4845,25.8461,0,52.7895
10.24,13.486,25.9468,0,52.766
10.25,13.4875,26.0475,0,52.7425
10.26,13.489,26.1482,0,52.719
10.27,13.4905,26.2489,0,52.6955
10.28,13.492,26.3496,0,52.672
10.29,13.4935,26.4503,0,52.6485
10.3,13.495,26.551,0,52.625
10.31,13.4965,26.6517,0,52.6015
10.32,13.498,26.7524,0,52.578
10.33,13.4995,26.8531,0,52.5545
10.34,13.501,26.9538,0,52.531
10.35,13.5025,27.0545,0,52.5075
10.36,13.504,27.1552,0,52.484
10.37,13.5055,27.2559,0,52.4605
10.38,13.507,27.3566,0,52.437
10.39,13.5085,27.4573,0,52.4135
10.4,13.51,27.558,0,52.39
10.41,13.5115,27.6587,0,52.3665
10.42,13.513,27.7594,0,52.343
10.43,13.5145,27.8601,0,52.3195
10.44,13.516,27.9608,0,52.296
10.45,13.5175,28.0615,0,52.2725
10.46,13.519,28.1622,0,52.249
10.47,13.5205,28.2629,0,52.2255
10.48,13.522,28.3636,0,52.202
10.49,13.5235,28.4643,0,52.1785
10.5,13.525,28.565,0,52.155
10.51,13.5265,28.6657,0,52.1315
10.52,13.528,28.7664,0,52.108
10.53,13.5295,28.8671,0,52.0845
10.54,13.531,28.9678,0,52.061
10.55,13.5325,29.0685,0,52.0375
10.56,13.534,29.1692,0,52.014
10.57,13.5355,29.2699,0,51.9905
10.58,13.537,29.3706,0,51.967
10.59,13.5385,29.4713,0,51.9435
10.6,13.54,29.572,0,51.92
10.61,13.5415,29.6727,0,51.8965
10.62,13.543,29.7734,0,51.873
10.63,13.5445,29.8741,0,51.8495
10.64,13.546,29.9748,0,51.826
10.65,13.5475,30.0755,0,51.8025
10.66,13.549,30.1762,0,51.779
10.67,13.5505,30.2769,0,51.7555
10.68,13.552,30.3776,0,51.732
10.69,13.5535,30.4783,0,51.7085
10.7,13.555,30.579,0,51.685
10.71,13.5565,30.6797,0,51.6615
10.72,13.558,30.7804,0,51.638
10.73,13.5595,30.8811,0,51.6145
10.74,13.561,30.9818,0,51.591
10.75,13.5625,31.0825,0,51.5675
10.76,13.564,31.1832,0,51.544
10.77,13.5655,31.2839,0,51.5205
10.78,13.567,31.3846,0,51.497
10.79,13.5685,31.4853,0,51.4735
10.8,13.57,31.586,0,51.45
10.81,13.5715,31.6867,0,51.4265
10.82,13.573,31.7874,0,51.403
10.83,13.5745,31.8881,0,51.3795
10.84,13.576,31.9888,0,51.356
10.85,13.5775,32.0895,0,51.3325
10.86,13.579,32.1902,0,51.309
10.87,13.5805,32.2909,0,51.2855
10.88,13.582,32.3916,0,51.262
10.89,13.5835,32.4923,0,51.2385
10.9,13.585,32.593,0,51.215
10.91,13.5865,32.6937,0,51.1915
10.92,13.588,32.7944,0,51.168
10.93,13.5895,32.8951,0,51.1445
10.94,13.591,32.9958,0,51.121
10.95,13.5925,33.0965,0,51.0975
10.96,13.594,33.1972,0,51.074
10.97,13.5955,33.2979,0,51.0505
10.98,13.597,33.3986,0,51.027
10.99,13.5985,33.4993,0,51.0035
11,13.6,33.6,0,50.98